{

"metadata" :
{
"formatVersion" : 3,
"generatedBy" : "Blender 2.62 Exporter",
"vertices" : 58,
"faces" : 82,
"normals" : 0,
"colors" : 0,
"uvs" : 0,
"materials" : 1,
"morphTargets" : 0
},

"scale" : 1.000000,

"materials": [  {
    "DbgColor" : 15658734,
    "DbgIndex" : 0,
    "DbgName" : "Material.002",
    "colorAmbient" : [0.0, 0.0, 0.0],
    "colorDiffuse" : [0.021291551311188206, 0.2610946217342409, 0.06005598396146272],
    "colorSpecular" : [0.5, 0.5, 0.5],
    "shading" : "Lambert",
    "specularCoef" : 50,
    "transparency" : 1.0,
    "vertexColors" : false
    },

    {
    "DbgColor" : 15597568,
    "DbgIndex" : 1,
    "DbgName" : "Material.001",
    "colorAmbient" : [0.0, 0.0, 0.0],
    "colorDiffuse" : [0.6357687568034045, 0.6400000190734865, 0.12030667245845006],
    "colorSpecular" : [0.5, 0.5, 0.5],
    "shading" : "Lambert",
    "specularCoef" : 50,
    "transparency" : 1.0,
    "vertexColors" : false
    },

    {
    "DbgColor" : 15597568,
    "DbgIndex" : 1,
    "DbgName" : "Material",
    "colorAmbient" : [0.0, 0.0, 0.0],
    "colorDiffuse" : [0.04240883055938527, 0.021583520197622774, 0.6400000190734865],
    "colorSpecular" : [0.5, 0.5, 0.5],
    "shading" : "Lambert",
    "specularCoef" : 50,
    "transparency" : 1.0,
    "vertexColors" : false
    },

    {
    "DbgColor" : 15597568,
    "DbgIndex" : 1,
    "DbgName" : "Material",
    "colorAmbient" : [0.0, 0.0, 0.0],
    "colorDiffuse" : [0.04240883055938527, 0.021583520197622774, 0.6400000190734865],
    "colorSpecular" : [0.5, 0.5, 0.5],
    "shading" : "Lambert",
    "specularCoef" : 50,
    "transparency" : 1.0,
    "vertexColors" : false
    }],

"vertices": [-0.091961,0.858828,-1.258836,0.085971,0.841303,-1.258836,0.257064,0.789402,-1.258836,0.414744,0.705120,-1.258836,0.552953,0.591696,-1.258836,0.666377,0.453488,-1.258836,0.750659,0.295807,-1.258836,0.802560,0.124714,-1.258836,0.820084,-0.053217,-1.258836,0.802560,-0.231148,-1.258836,0.750659,-0.402242,-1.258836,0.666377,-0.559922,-1.258836,0.552953,-0.698130,-1.258836,0.414744,-0.811555,-1.258836,0.257064,-0.895837,-1.258836,0.085970,-0.947738,-1.258836,-0.091961,-0.965262,-1.258836,-0.269892,-0.947738,-1.258836,-0.440985,-0.895837,-1.258836,-0.598666,-0.811555,-1.258836,-0.736874,-0.698130,-1.258836,-0.850298,-0.559922,-1.258836,-0.934580,-0.402241,-1.258836,-0.986481,-0.231148,-1.258836,-1.004005,-0.053216,-1.258836,-0.986480,0.124715,-1.258836,-0.934580,0.295808,-1.258836,-0.850298,0.453489,-1.258836,-0.736873,0.591697,-1.258836,-0.598664,0.705121,-1.258836,-0.440984,0.789403,-1.258836,-0.269890,0.841303,-1.258836,-0.091961,-0.053217,0.565254,-0.091961,-0.053217,-1.258836,-1.871068,2.859057,0.464285,2.217100,-2.767822,0.464285,1.854890,-3.030983,0.464285,-2.233279,2.595896,0.464285,-1.871067,2.859056,0.912002,2.217102,-2.767824,0.912002,1.854889,-3.030983,0.912002,-2.233279,2.595895,0.912002,-2.368188,3.638144,-0.155690,-1.629242,2.621071,-0.155690,-2.538131,1.960725,0.408528,-3.277077,2.977797,0.408528,-1.911727,3.969782,0.967759,-1.172781,2.952710,0.967759,-2.081670,2.292363,1.531976,-2.820616,3.309436,1.531976,1.426773,-2.928347,-0.040045,2.165720,-3.945419,-0.040045,1.989108,-4.073735,1.198027,1.250161,-3.056663,1.198027,2.428394,-2.200626,0.178260,3.167341,-3.217699,0.178260,2.990728,-3.346014,1.416332,2.251782,-2.328942,1.416331],

"morphTargets": [],

"normals": [],

"colors": [],

"uvs": [[]],

"faces": [2,1,0,32,0,2,32,2,1,0,2,32,3,2,0,2,32,4,3,0,2,32,5,4,0,2,32,6,5,0,2,32,7,6,0,2,32,8,7,0,2,32,9,8,0,2,32,10,9,0,2,32,11,10,0,2,32,12,11,0,2,32,13,12,0,2,32,14,13,0,2,32,15,14,0,2,32,16,15,0,2,32,17,16,0,2,32,18,17,0,2,32,19,18,0,2,32,20,19,0,2,32,21,20,0,2,32,22,21,0,2,32,23,22,0,2,32,24,23,0,2,32,25,24,0,2,32,26,25,0,2,32,27,26,0,2,32,28,27,0,2,32,29,28,0,2,32,30,29,0,2,32,31,30,0,2,32,0,31,0,2,33,0,1,0,2,33,1,2,0,2,33,2,3,0,2,33,3,4,0,2,33,4,5,0,2,33,5,6,0,2,33,6,7,0,2,33,7,8,0,2,33,8,9,0,2,33,9,10,0,2,33,10,11,0,2,33,11,12,0,2,33,12,13,0,2,33,13,14,0,2,33,14,15,0,2,33,15,16,0,2,33,16,17,0,2,33,17,18,0,2,33,18,19,0,2,33,19,20,0,2,33,20,21,0,2,33,21,22,0,2,33,22,23,0,2,33,23,24,0,2,33,24,25,0,2,33,25,26,0,2,33,26,27,0,2,33,27,28,0,2,33,28,29,0,2,33,29,30,0,2,33,30,31,0,2,31,0,33,0,3,34,35,36,37,1,3,38,41,40,39,1,3,34,38,39,35,1,3,35,39,40,36,1,3,36,40,41,37,1,3,38,34,37,41,1,3,42,43,44,45,2,3,46,49,48,47,2,3,42,46,47,43,2,3,43,47,48,44,2,3,44,48,49,45,2,3,46,42,45,49,2,3,50,51,52,53,3,3,54,57,56,55,3,3,50,54,55,51,3,3,51,55,56,52,3,3,52,56,57,53,3,3,54,50,53,57,3]



}
